customer_id,customer_name,credit_score,geography,gender,age,tenure,balance,num_of_products,has_credit_card,is_active_member,estimated_salary,churned
1,James Brown,619,France,Male,42,2,0.00,1,1,1,101348.88,0
2,Maria Garcia,608,Spain,Female,41,1,83807.86,1,0,1,112542.58,0
3,Robert Johnson,502,France,Male,42,8,159660.80,3,1,0,113931.57,1
4,Jennifer Lee,699,France,Female,39,1,0.00,2,0,0,93826.63,0
5,David Smith,850,Spain,Male,43,2,125510.82,1,1,1,79084.10,0
6,Patricia Wilson,645,Spain,Female,44,8,113755.78,2,1,0,149756.71,1
7,Christopher Moore,822,Germany,Male,53,2,0.00,1,1,1,10062.80,0
8,Linda Martinez,376,Germany,Female,50,7,142051.07,2,1,1,119346.88,1
9,Charles Allen,501,France,Male,45,3,0.00,2,0,0,74940.50,0
10,Susan Young,684,France,Female,52,2,134603.89,1,1,1,71725.73,1
11,Daniel Hernandez,561,Spain,Male,29,7,0.00,2,0,1,80127.46,0
12,Barbara Clark,720,France,Female,31,4,120857.51,3,0,1,76390.01,0
13,Matthew Lewis,650,Germany,Male,33,5,0.00,2,1,0,26260.98,0
14,Elizabeth Walker,547,France,Female,35,3,0.00,1,0,0,190857.07,0
15,Joshua Hall,771,Germany,Male,42,4,0.00,1,1,1,65951.65,0
16,Patricia Adams,699,France,Female,36,7,0.00,2,0,0,64327.26,0
17,Andrew Baker,850,Spain,Male,32,4,0.00,2,1,0,5097.67,0
18,Jennifer Rivera,822,France,Female,34,6,0.00,2,1,1,14406.83,0
19,Joseph Scott,850,Spain,Male,34,9,98688.00,1,1,1,158684.81,1
20,Emily King,850,France,Female,48,4,0.00,1,0,1,128577.47,0
21,John Green,500,France,Male,37,3,112367.34,1,1,1,135512.46,1
22,Jessica Nelson,850,Germany,Female,41,5,0.00,2,1,0,122391.71,0
23,James Carter,699,France,Male,39,2,0.00,2,1,1,113755.78,0
24,Ashley Phillips,850,France,Female,40,8,0.00,1,1,1,137181.12,0
25,Donald Perez,650,Spain,Male,35,7,0.00,2,1,0,113955.90,0
26,Melissa Roberts,627,Germany,Female,42,7,0.00,2,1,1,137191.12,0
27,Steven Turner,666,France,Male,49,8,0.00,1,1,0,11575.77,1
28,Michelle Parker,577,France,Female,31,4,0.00,1,1,0,105772.15,0
29,Paul Evans,850,Spain,Male,43,7,0.00,2,0,1,121577.47,0
30,Kimberly Collins,850,France,Female,40,8,0.00,1,0,0,123683.48,0
31,Mark Stewart,650,France,Male,49,4,0.00,2,1,1,85677.42,0
32,Laura Sanchez,850,France,Female,55,7,0.00,2,0,0,128574.85,1
33,George Morris,700,France,Male,29,2,0.00,2,0,1,1003.09,0
34,Stephanie Rogers,750,Germany,Female,37,2,0.00,2,1,1,132602.88,0
35,Edward Reed,850,Spain,Male,32,7,0.00,2,0,0,111697.59,0
36,Angela Cook,650,Germany,Female,36,5,0.00,2,1,0,110714.60,0
37,Timothy Morgan,750,France,Male,52,2,0.00,2,1,0,129650.43,1
38,Sharon Bell,700,France,Female,46,3,0.00,2,0,1,1004.50,0
39,Joseph Murphy,850,France,Male,32,3,0.00,2,1,1,147800.15,0
40,Deborah Bailey,800,France,Female,41,4,0.00,2,1,0,59748.77,0
41,Scott Cooper,690,Germany,Male,37,5,0.00,2,1,0,183287.75,0
42,Rebecca Richardson,650,France,Female,40,5,0.00,2,1,1,101347.93,0
43,Jeffrey Cox,850,France,Male,31,2,0.00,2,0,1,110472.67,0
44,Stephanie Howard,700,Spain,Female,34,4,0.00,2,1,0,111732.20,0
45,Raymond Ward,550,France,Male,43,3,0.00,2,1,1,120674.88,0
46,Donna Torres,700,France,Female,51,7,0.00,2,0,0,145479.80,1
47,Charles Perry,850,Spain,Male,42,8,0.00,2,1,1,101754.14,0
48,Carolyn Foster,650,France,Female,41,4,0.00,1,1,0,102813.88,0
49,Kevin Diaz,700,France,Male,40,7,0.00,2,0,0,83273.58,0
50,Denise Ramirez,850,Germany,Female,48,3,0.00,1,1,1,106495.47,0
51,Donald Price,690,France,Male,59,4,0.00,2,1,0,110287.28,1
52,Heather Barnes,650,Germany,Female,36,1,0.00,2,1,0,123579.16,0
53,Brian Gray,550,France,Male,43,2,0.00,2,1,1,139654.33,0
54,Sherry James,800,France,Female,28,2,0.00,2,1,1,117951.39,0
55,Gregory Watson,700,Germany,Male,33,3,0.00,2,0,0,141032.92,1
56,Teresa Brooks,650,Germany,Female,41,1,0.00,2,0,1,12502.41,0
57,Daniel Kelly,650,France,Male,30,1,0.00,2,0,0,78017.40,0
58,Anita Sanders,700,Germany,Female,32,2,0.00,2,1,1,181647.04,0
59,Patrick Bennett,650,France,Male,33,2,0.00,2,1,0,147098.86,0
60,Stephanie Ward,800,Germany,Female,35,2,0.00,2,1,1,123566.75,0
61,Jonathan Cooper,600,Spain,Male,36,8,0.00,1,0,1,124893.96,0
62,Brenda Richardson,650,France,Female,50,2,0.00,2,1,1,100838.12,0
63,Timothy Ross,650,France,Male,53,4,0.00,2,1,0,104423.15,0
64,Melissa Foster,500,France,Female,40,2,0.00,2,1,0,67936.12,0
65,Jeffrey Murphy,850,France,Male,50,1,0.00,2,0,1,99591.50,0
66,Angela Wood,700,France,Female,39,2,0.00,2,1,0,80565.84,0
67,Joshua Price,650,Germany,Male,47,2,0.00,2,0,1,1008.74,0
68,Carolyn Barnes,700,Germany,Female,51,8,0.00,2,1,1,111812.51,0
69,Steven Reed,650,Spain,Male,36,1,0.00,2,1,0,138429.56,0
70,Donna Morris,750,France,Female,28,2,0.00,2,1,1,92947.11,0
71,Jason Rivera,700,France,Male,39,2,0.00,2,0,0,135104.39,0
72,Sandra Cooper,650,Spain,Female,35,2,0.00,2,1,1,129542.86,1
73,Gregory Bailey,800,Germany,Male,31,8,0.00,2,1,1,1270.98,0
74,Michelle Murphy,650,France,Female,37,6,0.00,2,1,0,15505.66,0
75,Charles Parker,850,Spain,Male,42,2,0.00,2,1,1,130309.62,0
76,Emily Watson,850,France,Female,41,6,0.00,1,1,0,114730.78,0
77,Richard Flores,650,France,Male,55,4,0.00,2,1,0,128578.94,1
78,Stephanie Diaz,700,France,Female,39,7,0.00,2,1,1,119522.45,0
79,Patrick Hughes,650,Spain,Male,34,7,0.00,2,0,1,129713.75,0
80,Rebecca Kelly,650,France,Female,30,4,0.00,2,1,0,6147.45,0
81,Jonathan Bailey,700,France,Male,30,8,0.00,2,1,1,1840.14,0
82,Brenda Henderson,650,France,Female,30,2,0.00,2,1,1,157374.92,0
83,Steven Cooper,800,France,Male,35,8,0.00,2,1,0,132683.98,0
84,Patricia Ross,700,France,Female,48,8,0.00,2,1,1,23525.38,0
85,Matthew Foster,850,Spain,Male,47,4,0.00,2,1,0,118346.78,0
86,Lisa Gray,650,Spain,Female,37,5,0.00,2,1,1,85907.35,0
87,Daniel Price,700,Germany,Male,40,5,0.00,2,1,0,136046.74,1
88,Angela Bennett,650,France,Female,36,6,0.00,2,1,1,97752.94,0
89,Christopher Wood,550,Germany,Male,43,5,0.00,2,1,0,56654.35,0
90,Melissa Foster,700,France,Female,55,8,0.00,2,0,0,86006.65,0
91,Joshua Ward,650,France,Male,32,2,0.00,1,0,1,65631.13,0
92,Donna Perry,850,Germany,Female,53,4,0.00,2,1,1,126972.53,1
93,Mark Diaz,650,France,Male,39,2,0.00,2,1,0,144664.25,0
94,Cynthia Rogers,700,France,Female,53,8,0.00,2,0,1,64404.34,0
95,Adam Brooks,650,Spain,Male,31,6,0.00,2,1,0,127724.71,0
96,Teresa Cook,850,France,Female,28,2,0.00,2,1,1,124954.32,0
97,Joseph Parker,650,Germany,Male,36,5,0.00,2,1,0,104337.82,0
98,Michelle King,850,France,Female,30,2,0.00,2,1,1,160091.06,0
99,Steven Simmons,700,Germany,Male,35,3,0.00,2,1,1,11617.91,0
100,Heidi Bennett,650,France,Female,53,3,0.00,2,0,0,14760.52,1
144,ashraf,4,India,male,24,3,457158,4578,1,1,485796,1
